Time,CH1
0.0,2.7732663
2.0E-6,4.0677447
4.0E-6,4.5762897
6.0E-6,4.7612157
8.0E-6,4.8536773
1.0E-5,4.8999095
1.2E-5,4.8999095
1.4E-5,4.8999095
1.6E-5,4.8999095
1.8E-5,4.946141
2.0E-5,4.946141
2.2E-5,4.946141
2.4E-5,4.946141
2.6E-5,4.946141
2.8E-5,3.8365874
3.0E-5,0.6928544
3.2E-5,0.4154663
3.4E-5,0.36923456
3.6E-5,0.36923456
3.8E-5,0.36923456
4.0E-5,0.36923456
4.2E-5,0.36923456
4.4E-5,0.36923456
4.6E-5,0.3230033
4.8E-5,0.3230033
5.0E-5,1.1089368
5.2E-5,3.5129685
5.4E-5,4.3451324
5.6E-5,4.668752
5.8E-5,4.807446
6.0E-5,4.8536773
6.2E-5,4.8999095
6.4E-5,4.8999095
6.6E-5,4.8999095
6.8E-5,4.8999095
7.0E-5,4.946141
7.2E-5,4.946141
7.4E-5,4.946141
7.6E-5,4.946141
7.8E-5,4.946141
8.0E-5,2.2647214
8.2E-5,0.46169758
8.4E-5,0.36923456
8.6E-5,0.36923456
8.8E-5,0.36923456
9.0E-5,0.36923456
9.2E-5,0.36923456
9.4E-5,0.36923456
9.6E-5,0.3230033
9.8E-5,0.3230033
1.0E-4,0.3230033
1.02E-4,0.3230033
1.04E-4,0.3230033
1.06E-4,0.3230033
1.08E-4,0.3230033
1.1E-4,0.46169758
1.12E-4,3.1431174
1.14E-4,4.2064385
1.16E-4,4.622521
1.17999996E-4,4.7612157
1.2E-4,4.8536773
1.22E-4,4.8536773
1.24E-4,4.8536773
1.26E-4,1.6637135
1.28E-4,0.36923456
1.3E-4,0.36923456
1.32E-4,0.3230033
1.34E-4,0.3230033
1.36E-4,0.3230033
1.38E-4,0.3230033
1.4E-4,0.3230033
1.42E-4,0.3230033
1.44E-4,1.756176
1.46E-4,3.744125
1.48E-4,4.437596
1.4999999E-4,4.7149835
1.52E-4,4.807446
1.54E-4,4.8536773
1.56E-4,4.8999095
1.58E-4,4.8999095
1.6E-4,4.8999095
1.62E-4,4.8999095
1.64E-4,4.946141
1.66E-4,4.946141
1.68E-4,4.946141
1.7E-4,4.946141
1.72E-4,4.946141
1.74E-4,4.7149835
1.76E-4,4.8536773
1.78E-4,3.9752812
1.8E-4,0.7390857
1.82E-4,0.4154663
1.84E-4,0.36923456
1.86E-4,0.36923456
1.88E-4,0.36923456
1.9E-4,0.36923456
1.92E-4,0.36923456
1.94E-4,0.36923456
1.96E-4,2.033564
1.98E-4,3.8828197
2.0E-4,4.483826
2.02E-4,4.7149835
2.04E-4,4.8536773
2.06E-4,4.8999095
2.08E-4,4.8999095
2.1E-4,4.8999095
2.12E-4,4.946141
2.14E-4,4.946141
2.16E-4,4.946141
2.18E-4,4.946141
2.2E-4,4.946141
2.22E-4,4.946141
2.24E-4,4.7612157
2.26E-4,1.2938623
2.28E-4,0.4154663
2.3E-4,0.36923456
2.32E-4,0.36923456
2.34E-4,0.36923456
2.3599999E-4,0.36923456
2.38E-4,0.36923456
2.4E-4,0.3230033
2.42E-4,0.3230033
2.44E-4,0.3230033
2.46E-4,0.36923456
2.48E-4,3.0968862
2.5E-4,4.2064385
2.52E-4,4.622521
2.54E-4,4.7612157
2.56E-4,4.8536773
2.58E-4,4.8999095
2.6E-4,4.8999095
2.62E-4,4.8999095
2.64E-4,4.8999095
2.66E-4,4.946141
2.68E-4,4.946141
2.7E-4,4.946141
2.72E-4,4.946141
2.74E-4,4.946141
2.76E-4,3.1893477
2.78E-4,0.5541601
2.8E-4,0.4154663
2.82E-4,0.36923456
2.84E-4,0.36923456
2.86E-4,0.36923456
2.88E-4,0.36923456
2.9E-4,0.36923456
2.92E-4,0.3230033
2.94E-4,0.3230033
2.96E-4,0.3230033
2.98E-4,1.6637135
2.9999999E-4,3.6978936
3.02E-4,4.437596
3.04E-4,4.7149835
3.06E-4,4.807446
3.08E-4,4.8536773
3.1E-4,4.8999095
3.12E-4,4.8999095
3.14E-4,4.8999095
3.16E-4,4.946141
3.18E-4,4.946141
3.2E-4,4.946141
3.22E-4,4.946141
3.24E-4,4.946141
3.26E-4,4.946141
3.28E-4,1.6174817
3.3E-4,0.4154663
3.32E-4,0.36923456
3.34E-4,0.36923456
3.36E-4,0.36923456
3.38E-4,0.36923456
3.4E-4,0.36923456
3.4199998E-4,0.36923456
3.44E-4,0.3230033
3.46E-4,0.3230033
3.48E-4,0.3230033
3.5E-4,2.8657289
3.52E-4,4.113976
3.54E-4,4.5762897
3.56E-4,4.7612157
3.58E-4,4.8536773
3.6E-4,4.8999095
3.62E-4,4.8999095
3.64E-4,4.8999095
3.66E-4,4.8999095
3.68E-4,4.946141
3.7E-4,4.946141
3.72E-4,4.946141
3.74E-4,4.946141
3.76E-4,4.946141
3.78E-4,3.6516623
3.8E-4,0.64662313
3.82E-4,0.4154663
3.84E-4,0.36923456
3.86E-4,0.36923456
3.88E-4,0.36923456
3.9E-4,0.36923456
3.92E-4,0.36923456
3.94E-4,0.3230033
3.96E-4,0.3230033
3.98E-4,0.3230033
4.0E-4,1.2938623
4.02E-4,3.5591989
4.04E-4,4.3913646
4.06E-4,4.668752
4.08E-4,4.807446
4.1E-4,4.8536773
4.12E-4,4.8999095
4.14E-4,4.8999095
4.16E-4,4.8999095
4.18E-4,4.946141
4.2E-4,4.946141
4.22E-4,4.946141
4.24E-4,4.946141
4.26E-4,4.946141
4.28E-4,4.946141
4.3E-4,2.033564
4.32E-4,0.4154663
4.34E-4,0.36923456
4.36E-4,0.36923456
4.38E-4,0.36923456
4.4E-4,0.36923456
4.42E-4,0.36923456
4.44E-4,0.36923456
4.46E-4,0.3230033
4.48E-4,0.3230033
4.5E-4,0.3230033
4.52E-4,2.6345725
4.54E-4,4.0215135
4.56E-4,4.5300584
4.58E-4,4.7612157
4.6E-4,4.8536773
4.62E-4,4.8999095
4.64E-4,4.8999095
4.66E-4,4.8999095
4.68E-4,4.8999095
4.7E-4,4.946141
4.7199999E-4,4.946141
4.74E-4,4.946141
4.76E-4,4.946141
4.78E-4,4.946141
4.8E-4,4.0677447
4.82E-4,0.7853174
4.84E-4,0.4154663
4.86E-4,0.36923456
4.88E-4,0.36923456
4.9E-4,0.36923456
4.92E-4,0.36923456
4.94E-4,0.36923456
4.96E-4,0.36923456
4.98E-4,0.36923456
5.0E-4,0.3230033
5.02E-4,0.92401123
5.04E-4,3.420505
5.06E-4,4.3451324
5.08E-4,4.668752
5.1E-4,4.807446
5.12E-4,4.8536773
5.14E-4,4.8999095
5.16E-4,4.8999095
5.18E-4,4.8999095
5.2E-4,4.8999095
5.22E-4,4.946141
5.24E-4,4.946141
5.26E-4,4.946141
5.28E-4,4.946141
5.3E-4,4.946141
5.32E-4,2.4496465
5.34E-4,0.46169758
5.36E-4,0.36923456
5.38E-4,0.36923456
5.4E-4,0.36923456
5.42E-4,0.36923456
5.44E-4,0.36923456
5.46E-4,0.36923456
5.48E-4,0.36923456
5.5E-4,0.3230033
5.52E-4,0.3230033
5.54E-4,1.1551685
5.56E-4,3.5591989
5.58E-4,4.3451324
5.6E-4,4.668752
5.62E-4,4.807446
5.64E-4,4.8536773
5.66E-4,4.8999095
5.68E-4,4.8999095
5.7E-4,4.8999095
5.72E-4,4.8999095
5.74E-4,4.946141
5.76E-4,4.946141
5.78E-4,4.946141
5.8E-4,4.946141
5.82E-4,4.946141
5.84E-4,2.172258
5.86E-4,0.46169758
5.88E-4,0.36923456
5.9E-4,0.36923456
5.92E-4,0.36923456
5.94E-4,0.36923456
5.96E-4,0.36923456
5.98E-4,0.36923456
5.9999997E-4,0.3230033
6.02E-4,0.3230033
6.04E-4,0.3230033
6.06E-4,0.3230033
6.08E-4,0.3230033
6.1E-4,0.3230033
6.12E-4,0.3230033
6.14E-4,0.50792885
6.16E-4,3.1893477
6.18E-4,4.2064385
6.2E-4,4.5762897
6.22E-4,4.7612157
6.24E-4,4.8536773
6.26E-4,4.8999095
6.28E-4,4.8536773
6.3E-4,1.6174817
6.32E-4,0.36923456
6.34E-4,0.36923456
6.36E-4,0.3230033
6.38E-4,0.3230033
6.4E-4,0.3230033
6.42E-4,0.3230033
6.44E-4,0.3230033
6.46E-4,0.3230033
6.48E-4,0.3230033
6.5E-4,1.5250192
6.52E-4,3.6516623
6.54E-4,4.437596
6.56E-4,4.668752
6.58E-4,4.807446
6.6E-4,4.8536773
6.62E-4,4.8999095
6.64E-4,4.8999095
6.66E-4,4.8999095
6.68E-4,4.8999095
6.7E-4,4.8999095
6.72E-4,4.946141
6.74E-4,4.946141
6.76E-4,4.946141
6.78E-4,4.946141
6.8E-4,4.946141
6.82E-4,2.033564
6.8399997E-4,0.4154663
6.86E-4,0.36923456
6.88E-4,0.36923456
6.9E-4,0.36923456
6.92E-4,0.36923456
6.94E-4,0.36923456
6.96E-4,0.36923456
6.98E-4,0.3230033
7.0E-4,1.4787879
7.02E-4,3.6516623
7.04E-4,4.437596
7.06E-4,4.7149835
7.08E-4,4.807446
7.1E-4,4.8536773
7.12E-4,4.8999095
7.14E-4,4.8999095
7.16E-4,4.8999095
7.18E-4,4.946141
7.2E-4,4.946141
7.22E-4,4.946141
7.24E-4,4.946141
7.26E-4,4.946141
7.28E-4,4.946141
7.2999997E-4,4.946141
7.32E-4,2.126027
7.34E-4,0.46169758
7.36E-4,0.4154663
7.38E-4,0.36923456
7.4E-4,0.36923456
7.42E-4,0.36923456
7.44E-4,0.36923456
7.46E-4,0.36923456
7.48E-4,0.3230033
7.5E-4,1.4325566
7.52E-4,3.6516623
7.54E-4,4.437596
7.56E-4,4.7149835
7.58E-4,4.807446
7.6E-4,4.8536773
7.62E-4,4.8999095
7.64E-4,4.8999095
7.66E-4,4.8999095
7.68E-4,4.946141
7.7E-4,4.946141
7.72E-4,4.946141
7.74E-4,4.946141
7.76E-4,4.946141
7.78E-4,4.946141
7.8E-4,4.946141
7.82E-4,2.172258
7.84E-4,0.46169758
7.86E-4,0.4154663
7.88E-4,0.36923456
7.9E-4,0.36923456
7.92E-4,0.36923456
7.94E-4,0.36923456
7.96E-4,0.36923456
7.98E-4,0.3230033
8.0E-4,1.3863249
8.02E-4,3.605431
8.04E-4,4.3913646
8.06E-4,4.7149835
8.08E-4,4.807446
8.1E-4,4.8536773
8.12E-4,4.8999095
8.1399997E-4,4.8999095
8.16E-4,4.946141
8.18E-4,4.946141
8.2E-4,4.946141
8.22E-4,4.946141
8.24E-4,4.946141
8.26E-4,4.946141
8.28E-4,4.946141
8.3E-4,4.946141
8.32E-4,2.2184901
8.34E-4,0.46169758
8.36E-4,0.4154663
8.38E-4,0.36923456
8.4E-4,0.36923456
8.42E-4,0.36923456
8.44E-4,0.36923456
8.46E-4,0.36923456
8.48E-4,0.3230033
8.5E-4,1.3400936
8.52E-4,3.605431
8.54E-4,4.3913646
8.56E-4,4.668752
8.58E-4,4.807446
8.6E-4,4.8536773
8.62E-4,4.8999095
8.64E-4,4.8999095
8.66E-4,4.8999095
8.68E-4,4.946141
8.7E-4,4.946141
8.72E-4,4.946141
8.74E-4,4.946141
8.76E-4,4.946141
8.78E-4,4.946141
8.8E-4,4.946141
8.82E-4,2.2647214
8.84E-4,0.46169758
8.86E-4,0.4154663
8.88E-4,0.36923456
8.9E-4,0.36923456
8.92E-4,0.36923456
8.94E-4,0.36923456
8.96E-4,0.36923456
8.9799997E-4,0.3230033
9.0E-4,1.2938623
9.02E-4,3.5591989
9.04E-4,4.3913646
9.06E-4,4.668752
9.08E-4,4.807446
9.1E-4,4.8536773
9.12E-4,4.8999095
9.14E-4,4.8999095
9.16E-4,4.8999095
9.18E-4,4.946141
9.2E-4,4.946141
9.22E-4,4.946141
9.24E-4,4.946141
9.26E-4,4.946141
9.28E-4,4.946141
9.3E-4,4.946141
9.32E-4,2.357184
9.34E-4,0.46169758
9.36E-4,0.4154663
9.38E-4,0.36923456
9.4E-4,0.36923456
9.42E-4,0.36923456
9.4399997E-4,0.36923456
9.46E-4,0.36923456
9.48E-4,0.36923456
9.5E-4,1.2013993
9.52E-4,3.5591989
9.54E-4,4.3913646
9.56E-4,4.7149835
9.58E-4,4.807446
9.6E-4,4.8999095
9.62E-4,4.8999095
9.64E-4,4.8999095
9.66E-4,4.8999095
9.68E-4,4.946141
9.7E-4,4.946141
9.72E-4,4.946141
9.74E-4,4.946141
9.76E-4,4.946141
9.78E-4,4.946141
9.8E-4,4.946141
9.82E-4,2.4034152
9.84E-4,0.46169758
9.859999E-4,0.36923456
9.88E-4,0.36923456
9.9E-4,0.36923456
9.92E-4,0.36923456
9.94E-4,0.36923456
9.96E-4,0.36923456
9.98E-4,0.3230033
0.001,1.1551685
0.001002,3.5129685
0.001004,4.3913646
0.001006,4.668752
0.001008,4.807446
0.00101,4.8536773
0.001012,4.8999095
0.001014,4.8999095
0.001016,4.8999095
0.001018,4.946141
0.00102,4.946141
0.001022,4.946141
0.001024,4.946141
0.001026,4.946141
0.001028,4.946141
0.00103,4.946141
0.001032,2.4958777
0.001034,0.46169758
0.001036,0.4154663
0.001038,0.36923456
0.00104,0.36923456
0.001042,0.36923456
0.001044,0.36923456
0.001046,0.36923456
0.001048,0.3230033
0.00105,0.3230033
0.001052,0.3230033
0.001054,0.3230033
0.001056,2.9581914
0.001058,4.1602073
0.00106,4.5762897
0.001062,4.7612157
0.001064,4.8536773
0.001066,4.8999095
0.001068,3.050654
0.00107,0.50792885
0.001072,0.36923456
0.001074,0.36923456
0.001076,0.3230033
0.001078,0.3230033
0.00108,0.3230033
0.001082,0.3230033
0.001084,0.3230033
0.001086,0.3230033
0.001088,0.3230033
0.00109,0.3230033
0.001092,0.3230033
0.001094,0.3230033
0.001096,1.4787879
0.001098,3.6516623
0.0011,4.3913646
0.001102,4.668752
0.001104,4.807446
0.001106,4.8536773
0.001108,4.8536773
0.00111,4.8999095
0.001112,4.8999095
0.001114,4.8999095
0.001116,4.8999095
0.001118,4.946141
0.00112,4.946141
0.001122,4.946141
0.001124,4.946141
0.001126,4.946141
0.001128,2.033564
0.00113,0.4154663
0.001132,0.36923456
0.001134,0.36923456
0.001136,0.36923456
0.001138,0.36923456
0.00114,0.36923456
0.001142,0.3230033
0.001144,0.3230033
0.001146,1.4787879
0.001148,3.6516623
0.00115,4.437596
0.001152,4.7149835
0.0011539999,4.807446
0.001156,4.8536773
0.001158,4.8999095
0.00116,4.8999095
0.001162,4.8999095
0.001164,4.946141
0.001166,4.946141
0.001168,4.946141
0.00117,4.946141
0.001172,4.946141
0.001174,4.946141
0.001176,4.946141
0.001178,2.126027
0.00118,0.46169758
0.001182,0.4154663
0.001184,0.36923456
0.001186,0.36923456
0.001188,0.36923456
0.00119,0.36923456
0.001192,0.36923456
0.001194,0.36923456
0.001196,1.4325566
0.001198,3.6516623
0.0011999999,4.437596
0.001202,4.7149835
0.001204,4.8536773
0.001206,4.8999095
0.001208,4.8999095
0.00121,4.946141
0.001212,4.946141
0.001214,4.946141
0.001216,4.946141
0.001218,4.946141
0.00122,4.946141
0.001222,4.946141
0.001224,4.946141
0.001226,4.946141
0.001228,2.172258
0.00123,0.46169758
0.001232,0.4154663
0.001234,0.36923456
0.001236,0.36923456
0.001238,0.36923456
0.00124,0.36923456
0.001242,0.36923456
0.001244,0.3230033
0.0012459999,1.3400936
0.001248,3.605431
0.00125,4.3913646
0.001252,4.668752
0.001254,4.807446
0.001256,4.8536773
0.001258,4.8999095
0.00126,4.8999095
0.001262,4.8999095
0.001264,4.946141
0.001266,4.946141
0.001268,4.946141
0.00127,4.946141
0.001272,4.946141
0.001274,4.946141
0.001276,4.946141
0.001278,2.2647214
0.00128,0.46169758
0.001282,0.4154663
0.001284,0.36923456
0.001286,0.36923456
0.001288,0.36923456
0.00129,0.36923456
0.001292,0.36923456
0.001294,0.36923456
0.001296,1.3400936
0.001298,3.605431
0.0013,4.3913646
0.001302,4.7149835
0.001304,4.8536773
0.001306,4.8999095
0.001308,4.8999095
0.00131,4.8999095
0.001312,4.946141
0.001314,4.946141
0.001316,4.946141
0.001318,4.946141
0.00132,4.946141
0.001322,4.946141
0.001324,4.946141
0.001326,4.946141
0.001328,2.3109517
0.00133,0.46169758
0.001332,0.4154663
0.001334,0.36923456
0.001336,0.36923456
0.001338,0.36923456
0.00134,0.36923456
0.001342,0.36923456
0.001344,0.3230033
0.001346,1.2476311
0.001348,3.5591989
0.00135,4.3913646
0.001352,4.668752
0.001354,4.807446
0.001356,4.8536773
0.001358,4.8999095
0.00136,4.8999095
0.001362,4.8999095
0.001364,4.946141
0.001366,4.946141
0.0013679999,4.946141
0.00137,4.946141
0.001372,4.946141
0.001374,4.946141
0.001376,4.946141
0.001378,4.3451324
0.00138,0.92401123
0.001382,0.4154663
0.001384,0.36923456
0.001386,0.36923456
0.001388,0.36923456
0.00139,0.36923456
0.001392,0.36923456
0.001394,0.36923456
0.001396,0.3230033
0.001398,2.5883412
0.0014,4.0215135
0.001402,4.5300584
0.001404,4.7612157
0.001406,4.8536773
0.001408,4.8999095
0.00141,4.8999095
0.001412,4.8999095
0.0014139999,4.8999095
0.001416,4.946141
0.001418,4.946141
0.00142,4.946141
0.001422,4.946141
0.001424,4.946141
0.001426,4.946141
0.001428,4.437596
0.00143,1.0164738
0.001432,0.4154663
0.001434,0.36923456
0.001436,0.36923456
0.001438,0.36923456
0.00144,0.36923456
0.001442,0.36923456
0.001444,0.36923456
0.001446,0.3230033
0.001448,2.542109
0.00145,4.0215135
0.001452,4.5300584
0.001454,4.7612157
0.001456,4.8536773
0.001458,4.8999095
0.0014599999,4.8999095
0.001462,4.8999095
0.001464,4.946141
0.001466,4.946141
0.001468,4.946141
0.00147,4.946141
0.001472,4.946141
0.001474,4.946141
0.001476,4.946141
0.001478,4.483826
0.00148,1.0164738
0.001482,0.4154663
0.001484,0.4154663
0.001486,0.36923456
0.001488,0.36923456
0.00149,0.36923456
0.001492,0.36923456
0.001494,0.36923456
0.001496,0.3230033
0.001498,0.3230033
0.0015,1.1551685
0.001502,3.5129685
0.001504,4.3451324
0.001506,4.668752
0.001508,4.807446
0.00151,4.8536773
0.001512,4.8999095
0.001514,1.8024073
0.001516,0.4154663
0.001518,0.36923456
0.00152,0.36923456
0.001522,0.3230033
0.001524,0.3230033
0.001526,0.3230033
0.001528,0.3230033
0.00153,0.3230033
0.001532,0.3230033
0.001534,0.3230033
0.001536,0.3230033
0.001538,0.3230033
0.00154,0.27677202
0.001542,0.3230033
0.001544,0.3230033
0.001546,0.46169758
0.001548,3.1893477
0.00155,4.2064385
0.001552,4.5762897
0.001554,4.7612157
0.001556,4.8536773
0.001558,4.8536773
0.00156,4.8999095
0.001562,4.8999095
0.001564,4.8999095
0.001566,4.8999095
0.001568,4.8999095
0.00157,4.946141
0.001572,4.946141
0.001574,4.946141
0.001576,5.131067
0.001578,5.131067
0.00158,5.0386033
0.0015819999,4.992371
0.001584,4.992371
0.001586,4.992371
0.001588,4.992371
0.00159,4.992371
0.001592,4.992371
0.001594,4.992371
0.001596,4.992371
0.001598,4.992371
0.0016,4.992371
0.001602,4.992371
0.001604,4.992371
0.001606,4.992371
0.001608,4.992371
0.00161,4.992371
0.001612,4.992371
0.001614,4.992371
0.001616,4.992371
0.001618,4.992371
0.00162,4.992371
0.001622,4.992371
0.001624,4.992371
0.001626,4.992371
0.0016279999,4.992371
0.00163,4.992371
0.001632,4.992371
0.001634,4.992371
0.001636,4.992371
0.001638,4.992371
0.00164,4.992371
0.001642,4.992371
0.001644,4.992371
0.001646,4.992371
0.001648,4.992371
0.00165,4.992371
0.001652,4.992371
0.001654,4.992371
0.001656,4.992371
0.001658,4.992371
0.00166,4.992371
0.001662,4.992371
0.001664,4.992371
0.001666,4.992371
0.001668,4.992371
0.00167,4.992371
0.001672,4.992371
0.0016739999,4.992371
0.001676,4.992371
0.001678,4.992371
0.00168,4.992371
0.001682,4.992371
0.001684,4.992371
0.001686,4.992371
0.001688,4.992371
0.00169,4.992371
0.001692,4.992371
0.001694,4.992371
0.001696,4.992371
0.001698,4.992371
0.0017,4.992371
0.001702,4.992371
0.001704,4.992371
0.001706,4.992371
0.001708,4.992371
0.00171,4.992371
0.001712,4.992371
0.001714,4.992371
0.001716,4.992371
0.001718,4.992371
0.00172,4.992371
0.001722,4.992371
0.001724,4.992371
0.001726,4.992371
0.001728,4.992371
0.00173,4.992371
0.001732,4.992371
0.001734,4.992371
0.001736,4.992371
0.001738,4.992371
0.00174,4.992371
0.001742,4.992371
0.001744,4.992371
0.001746,4.992371
0.001748,4.992371
0.0017499999,4.992371
0.001752,4.992371
0.001754,4.992371
0.001756,4.992371
0.001758,4.992371
0.00176,4.992371
0.001762,4.992371
0.001764,4.992371
0.001766,4.992371
0.001768,4.992371
0.00177,4.992371
0.001772,4.992371
0.001774,4.992371
0.001776,4.992371
0.001778,4.992371
0.00178,4.992371
0.001782,4.992371
0.001784,4.992371
0.001786,4.992371
0.001788,4.992371
0.00179,4.992371
0.001792,4.992371
0.001794,4.992371
0.0017959999,4.992371
0.001798,4.992371
0.0018,4.992371
0.001802,4.992371
0.001804,4.992371
0.001806,4.992371
0.001808,4.992371
0.00181,4.992371
0.001812,4.992371
0.001814,4.992371
0.001816,4.992371
0.001818,4.992371
0.00182,4.992371
0.001822,4.992371
0.001824,4.992371
0.001826,4.992371
0.001828,4.992371
0.00183,4.992371
0.001832,4.992371
0.001834,4.992371
0.001836,4.992371
0.001838,4.992371
0.00184,4.992371
0.0018419999,4.992371
0.001844,4.992371
0.001846,4.992371
0.001848,4.992371
0.00185,4.992371
0.001852,4.992371
0.001854,4.992371
0.001856,4.992371
0.001858,4.992371
0.00186,4.992371
0.001862,4.992371
0.001864,4.992371
0.001866,4.992371
0.001868,4.992371
0.00187,4.992371
0.001872,4.992371
0.001874,4.992371
0.001876,4.992371
0.001878,4.992371
0.00188,4.992371
0.001882,4.992371
0.001884,4.992371
0.001886,4.992371
0.0018879999,4.992371
0.00189,4.992371
0.001892,4.992371
0.001894,4.992371
0.001896,4.992371
0.001898,4.992371
0.0019,4.992371
0.001902,4.992371
0.001904,4.992371
0.001906,4.992371
0.001908,4.992371
0.00191,4.992371
0.001912,4.992371
0.001914,4.992371
0.001916,4.992371
0.001918,4.992371
0.00192,4.992371
0.001922,4.992371
0.001924,4.992371
0.001926,4.992371
0.001928,4.992371
0.00193,4.992371
0.001932,4.992371
0.0019339999,4.992371
0.001936,4.992371
0.001938,4.992371
0.00194,4.992371
0.001942,4.992371
0.001944,4.992371
0.001946,4.992371
0.001948,4.992371
0.00195,4.992371
0.001952,4.992371
0.001954,4.992371
0.001956,4.992371
0.001958,4.992371
0.00196,4.992371
0.001962,4.992371
0.001964,4.992371
0.001966,4.992371
0.001968,4.992371
0.00197,4.992371
0.0019719999,4.992371
0.001974,4.992371
0.001976,4.992371
0.001978,4.992371
0.00198,4.992371
0.001982,4.992371
0.001984,4.992371
0.001986,4.992371
0.001988,4.992371
0.00199,4.992371
0.001992,4.992371
0.001994,4.992371
0.001996,4.992371
0.001998,4.992371
0.002,4.992371
0.002002,4.992371
0.002004,4.992371
0.002006,4.992371
0.002008,4.992371
0.00201,4.992371
0.002012,4.992371
0.002014,4.992371
0.002016,4.992371
0.002018,4.992371
0.00202,4.992371
0.002022,4.992371
0.002024,4.992371
0.002026,4.992371
0.002028,4.992371
0.00203,4.992371
0.002032,4.992371
0.002034,4.992371
0.002036,4.992371
0.002038,4.992371
0.00204,4.992371
0.002042,4.992371
0.002044,4.992371
0.002046,4.992371
0.002048,4.992371
0.00205,4.992371
0.002052,4.992371
0.002054,4.992371
0.002056,4.992371
0.002058,4.992371
0.00206,4.992371
0.002062,4.992371
0.002064,4.992371
0.002066,4.992371
0.002068,4.992371
0.00207,4.992371
0.002072,4.992371
0.002074,4.992371
0.002076,4.992371
0.002078,4.992371
0.00208,4.992371
0.002082,4.992371
0.002084,4.992371
0.002086,4.992371
0.002088,4.992371
0.00209,4.992371
0.002092,4.992371
0.0020939999,4.992371
0.002096,4.992371
0.002098,4.992371
0.0021,4.992371
0.002102,4.992371
0.002104,4.992371
0.002106,4.992371
0.002108,4.992371
0.00211,4.992371
0.002112,4.992371
0.002114,4.992371
0.002116,4.992371
0.002118,4.992371
0.00212,4.992371
0.002122,4.992371
0.002124,4.992371
0.002126,4.992371
0.002128,4.992371
0.00213,4.992371
0.002132,4.992371
0.002134,4.992371
0.002136,4.992371
0.002138,4.992371
0.00214,4.992371
0.002142,4.992371
0.002144,4.992371
0.002146,4.992371
0.002148,4.992371
0.00215,4.992371
0.002152,4.992371
0.002154,4.992371
0.002156,4.992371
0.002158,4.992371
0.00216,4.992371
0.002162,4.992371
0.002164,4.992371
0.002166,4.992371
0.002168,4.992371
0.00217,4.992371
0.002172,4.992371
0.002174,4.992371
0.002176,4.992371
0.002178,4.992371
0.00218,4.992371
0.002182,4.992371
0.002184,4.992371
0.0021859999,4.992371
0.002188,4.992371
0.00219,4.992371
0.002192,4.992371
0.002194,4.992371
0.002196,4.992371
0.002198,4.992371
0.0022,4.992371
0.002202,4.992371
0.002204,4.992371
0.002206,4.992371
0.002208,4.992371
0.00221,4.992371
0.002212,4.992371
0.002214,4.992371
0.002216,4.992371
0.002218,4.992371
0.00222,4.992371
0.002222,4.992371
0.002224,4.992371
0.002226,4.992371
0.002228,4.992371
0.00223,4.992371
0.002232,4.992371
0.002234,4.992371
0.002236,4.992371
0.002238,4.992371
0.00224,4.992371
0.002242,4.992371
0.002244,4.992371
0.002246,4.992371
0.002248,4.992371
0.00225,4.992371
0.002252,4.992371
0.002254,4.992371
0.002256,4.992371
0.002258,4.992371
0.00226,4.992371
0.002262,4.992371
0.002264,4.992371
0.002266,4.992371
0.002268,4.992371
0.00227,4.992371
0.002272,4.992371
0.002274,4.992371
0.002276,4.992371
0.0022779999,4.992371
0.00228,4.992371
0.002282,4.992371
0.002284,4.992371
0.002286,4.992371
0.002288,4.992371
0.00229,4.992371
0.002292,4.992371
0.002294,4.992371
0.002296,4.992371
0.002298,4.992371
0.0023,4.992371
0.002302,4.992371
0.002304,4.992371
0.002306,4.992371
0.0023079999,4.992371
0.00231,4.992371
0.002312,4.992371
0.002314,4.992371
0.002316,4.992371
0.002318,4.992371
0.00232,4.992371
0.002322,4.992371
0.002324,4.992371
0.002326,4.992371
0.002328,4.992371
0.00233,4.992371
0.002332,4.992371
0.002334,4.992371
0.002336,4.992371
0.002338,4.992371
0.00234,4.992371
0.002342,4.992371
0.002344,4.992371
0.002346,4.992371
0.002348,4.992371
0.00235,4.992371
0.002352,4.992371
0.002354,4.992371
0.002356,4.992371
0.002358,4.992371
0.00236,4.992371
0.002362,4.992371
0.002364,4.992371
0.002366,4.992371
0.002368,4.992371
0.00237,4.992371
0.002372,4.992371
0.002374,4.992371
0.002376,4.992371
0.002378,4.992371
0.00238,4.992371
0.002382,4.992371
0.002384,4.992371
0.002386,4.992371
0.002388,4.992371
0.00239,4.992371
0.002392,4.992371
0.002394,4.992371
0.002396,4.992371
0.002398,4.992371
0.0023999999,4.992371
0.002402,4.992371
0.002404,4.992371
0.002406,4.992371
0.002408,4.992371
0.00241,4.992371
0.002412,4.992371
0.002414,4.992371
0.002416,4.992371
0.002418,4.992371
0.00242,4.992371
0.002422,4.992371
0.002424,4.992371
0.002426,4.992371
0.002428,4.992371
0.00243,4.992371
0.002432,4.992371
0.002434,4.992371
0.002436,4.992371
0.002438,4.992371
0.00244,4.992371
0.002442,4.992371
0.002444,4.992371
0.002446,4.992371
0.002448,4.992371
0.00245,4.992371
0.002452,4.992371
0.002454,4.992371
0.002456,4.992371
0.002458,4.992371
0.00246,4.992371
0.002462,4.992371
0.002464,4.992371
0.002466,4.992371
0.002468,4.992371
0.00247,4.992371
0.002472,4.992371
0.002474,4.992371
0.002476,4.992371
0.002478,4.992371
0.00248,4.992371
0.002482,4.992371
0.002484,4.992371
0.002486,4.992371
0.002488,4.992371
0.00249,4.992371
0.0024919999,4.992371
0.002494,4.992371
0.002496,4.992371
0.002498,4.992371
0.0025,4.992371
0.002502,4.992371
0.002504,4.992371
0.002506,4.992371
0.002508,4.992371
0.00251,4.992371
0.002512,4.992371
0.002514,4.992371
0.002516,4.992371
0.002518,4.992371
0.00252,4.992371
0.0025219999,4.992371
0.002524,4.992371
0.002526,4.992371
0.002528,4.992371
0.00253,4.992371
0.002532,4.992371
0.002534,4.992371
0.002536,4.992371
0.002538,4.992371
0.00254,4.992371
0.002542,4.992371
0.002544,4.992371
0.002546,4.992371
0.002548,4.992371
0.00255,4.992371
0.002552,4.992371
0.002554,4.992371
0.002556,4.992371
0.002558,4.992371
0.00256,4.992371
0.002562,4.992371
0.002564,4.992371
0.002566,4.992371
0.002568,4.992371
0.00257,4.992371
0.002572,4.992371
0.002574,4.992371
0.002576,4.992371
0.002578,4.992371
0.00258,4.992371
0.002582,4.992371
0.002584,4.992371
0.002586,4.992371
0.002588,4.992371
0.00259,4.992371
0.002592,4.992371
0.002594,4.992371
0.002596,4.992371
0.002598,4.992371
0.0026,4.992371
0.002602,4.992371
0.002604,4.992371
0.002606,4.992371
0.002608,4.992371
0.00261,4.992371
0.002612,4.992371
0.0026139999,4.992371
0.002616,4.992371
0.002618,4.992371
0.00262,4.992371
0.002622,4.992371
0.002624,4.992371
0.002626,4.992371
0.002628,4.992371
0.00263,4.992371
0.002632,4.992371
0.002634,4.992371
0.002636,4.992371
0.002638,4.992371
0.00264,4.992371
0.002642,4.992371
0.002644,4.992371
0.002646,4.992371
0.002648,4.992371
0.00265,4.992371
0.002652,4.992371
0.002654,4.992371
0.002656,4.992371
0.002658,4.992371
0.00266,4.992371
0.002662,4.992371
0.002664,4.992371
0.002666,4.992371
0.002668,4.992371
0.00267,4.992371
0.002672,4.992371
0.002674,4.992371
0.002676,4.992371
0.002678,4.992371
0.00268,4.992371
0.002682,4.992371
0.002684,4.992371
0.002686,4.992371
0.002688,4.992371
0.00269,4.992371
0.002692,4.992371
0.002694,4.992371
0.002696,4.992371
0.002698,4.992371
0.0027,4.992371
0.002702,4.992371
0.002704,4.992371
0.0027059999,4.992371
0.002708,4.992371
0.00271,4.992371
0.002712,4.992371
0.002714,4.992371
0.002716,4.992371
0.002718,4.992371
0.00272,4.992371
0.002722,4.992371
0.002724,4.992371
0.002726,4.992371
0.002728,4.992371
0.00273,4.992371
0.002732,4.992371
0.002734,4.992371
0.0027359999,4.992371
0.002738,4.992371
0.00274,4.992371
0.002742,4.992371
0.002744,4.992371
0.002746,4.992371
0.002748,4.992371
0.00275,4.992371
0.002752,4.992371
0.002754,4.992371
0.002756,4.992371
0.002758,4.992371
0.00276,4.992371
0.002762,4.992371
0.002764,4.992371
0.002766,4.992371
0.002768,4.992371
0.00277,4.992371
0.002772,4.992371
0.002774,4.992371
0.002776,4.992371
0.002778,4.992371
0.00278,4.992371
0.002782,4.992371
0.002784,4.992371
0.002786,4.992371
0.002788,4.992371
0.00279,4.992371
0.002792,4.992371
0.002794,4.992371
0.002796,4.992371
0.002798,4.992371
0.0028,4.992371
0.002802,4.992371
0.002804,4.992371
0.002806,4.992371
0.002808,4.992371
0.00281,4.992371
0.002812,4.992371
0.002814,4.992371
0.002816,4.992371
0.002818,4.992371
0.00282,4.992371
0.002822,4.992371
0.002824,4.992371
0.002826,4.992371
0.0028279999,4.992371
0.00283,4.992371
0.002832,4.992371
0.002834,4.992371
0.002836,4.992371
0.002838,4.992371
0.00284,4.992371
0.002842,4.992371
0.002844,4.992371
0.002846,4.992371
0.002848,4.992371
0.00285,4.992371
0.002852,4.992371
0.002854,4.992371
0.002856,4.992371
0.002858,4.992371
0.00286,4.992371
0.002862,4.992371
0.002864,4.992371
0.002866,4.992371
0.002868,4.992371
0.00287,4.992371
0.002872,4.992371
0.002874,4.992371
0.002876,4.992371
0.002878,4.992371
0.00288,4.992371
0.002882,4.992371
0.002884,4.992371
0.002886,4.992371
0.002888,4.992371
0.00289,4.992371
0.002892,4.992371
0.002894,4.992371
0.002896,4.992371
0.002898,4.992371
0.0029,4.992371
0.002902,4.992371
0.002904,4.992371
0.002906,4.992371
0.002908,4.992371
0.00291,4.992371
0.002912,4.992371
0.002914,4.992371
0.002916,4.992371
0.002918,4.992371
0.0029199999,4.992371
0.002922,4.992371
0.002924,4.992371
0.002926,4.992371
0.002928,4.992371
0.00293,4.992371
0.002932,4.992371
0.002934,4.992371
0.002936,4.992371
0.002938,4.992371
0.00294,4.992371
0.002942,4.992371
0.002944,4.992371
0.002946,4.992371
0.002948,4.992371
0.0029499999,4.992371
0.002952,4.992371
0.002954,4.992371
0.002956,4.992371
0.002958,4.992371
0.00296,4.992371
0.002962,4.992371
0.002964,4.992371
0.002966,4.992371
0.002968,4.992371
0.00297,4.992371
0.002972,4.992371
0.002974,4.992371
0.002976,4.992371
0.002978,4.992371
0.00298,4.992371
0.002982,4.992371
0.002984,4.992371
0.002986,4.992371
0.002988,4.992371
0.00299,4.992371
0.002992,4.992371
0.002994,4.992371
0.002996,4.992371
0.002998,4.992371
0.003,4.992371
0.003002,4.992371
0.003004,4.992371
0.003006,4.992371
0.003008,4.992371
0.00301,4.992371
0.003012,4.992371
0.003014,4.992371
0.003016,4.992371
0.003018,4.992371
0.00302,4.992371
0.003022,4.992371
0.003024,4.992371
0.003026,4.992371
0.003028,4.992371
0.00303,4.992371
0.003032,4.992371
0.003034,4.992371
0.003036,4.992371
0.003038,4.992371
0.00304,4.992371
0.0030419999,4.992371
0.003044,4.992371
0.003046,4.992371
0.003048,4.992371
0.00305,4.992371
0.003052,4.992371
0.003054,4.992371
0.003056,4.992371
0.003058,4.992371
0.00306,4.992371
0.003062,4.992371
0.003064,4.992371
0.003066,4.992371
0.003068,4.992371
0.00307,4.992371
0.003072,4.992371
0.003074,4.992371
0.003076,4.992371
0.003078,4.992371
0.00308,4.992371
0.003082,4.992371
0.003084,4.992371
0.003086,4.992371
0.003088,4.992371
0.00309,4.992371
0.003092,4.992371
0.003094,4.992371
0.003096,4.992371
0.003098,4.992371
0.0031,4.992371
0.003102,4.992371
0.003104,4.992371
0.003106,4.992371
0.003108,4.992371
0.00311,4.992371
0.003112,4.992371
0.003114,4.992371
0.003116,4.992371
0.003118,4.992371
0.00312,4.992371
0.003122,4.992371
0.003124,4.992371
0.003126,4.992371
0.003128,4.992371
0.00313,4.992371
0.003132,4.992371
0.0031339999,4.992371
0.003136,4.992371
0.003138,4.992371
0.00314,4.992371
0.003142,4.992371
0.003144,4.992371
0.003146,4.992371
0.003148,4.992371
0.00315,4.992371
0.003152,4.992371
0.003154,4.992371
0.003156,4.992371
0.003158,4.992371
0.00316,4.992371
0.003162,4.992371
0.0031639999,4.992371
0.003166,4.992371
0.003168,4.992371
0.00317,4.992371
0.003172,4.992371
0.003174,4.992371
0.003176,4.992371
0.003178,4.992371
0.00318,4.992371
0.003182,4.992371
0.003184,4.992371
0.003186,4.992371
0.003188,4.992371
0.00319,4.992371
0.003192,4.992371
0.003194,4.992371
0.003196,4.992371
0.003198,4.992371
0.0032,4.992371
0.003202,4.992371
0.003204,4.992371
0.003206,4.992371
0.003208,4.992371
0.00321,4.992371
0.003212,4.992371
0.003214,4.992371
0.003216,4.992371
0.003218,4.992371
0.00322,4.992371
0.003222,4.992371
0.003224,4.992371
0.003226,4.992371
0.003228,4.992371
0.00323,4.992371
0.003232,4.992371
0.003234,4.992371
0.003236,4.992371
0.003238,4.992371
0.00324,4.992371
0.003242,4.992371
0.003244,4.992371
0.003246,4.992371
0.003248,4.992371
0.00325,4.992371
0.003252,4.992371
0.003254,4.992371
0.0032559999,4.992371
0.003258,4.992371
0.00326,4.992371
0.003262,4.992371
0.003264,4.992371
0.003266,4.992371
0.003268,4.992371
0.00327,4.992371
0.003272,4.992371
0.003274,4.992371
0.003276,4.992371
0.003278,4.992371
0.00328,4.992371
0.003282,4.992371
0.003284,4.992371
0.0032859999,4.992371
0.003288,4.992371
0.00329,4.992371
0.003292,4.992371
0.003294,4.992371
0.003296,4.992371
0.003298,4.992371
0.0033,4.992371
0.003302,4.992371
0.003304,4.992371
0.003306,4.992371
0.003308,4.992371
0.00331,4.992371
0.003312,4.992371
0.003314,4.992371
0.003316,4.992371
0.003318,4.992371
0.00332,4.992371
0.003322,4.992371
0.003324,4.992371
0.003326,4.992371
0.003328,4.992371
0.00333,4.992371
0.003332,4.992371
0.003334,4.992371
0.003336,4.992371
0.003338,4.992371
0.00334,4.992371
0.003342,4.992371
0.003344,4.992371
0.003346,4.992371
0.0033479999,4.992371
0.00335,4.992371
0.003352,4.992371
0.003354,4.992371
0.003356,4.992371
0.003358,4.992371
0.00336,4.992371
0.003362,4.992371
0.003364,4.992371
0.003366,4.992371
0.003368,4.992371
0.00337,4.992371
0.003372,4.992371
0.003374,4.992371
0.003376,4.992371
0.0033779999,4.992371
0.00338,4.992371
0.003382,4.992371
0.003384,4.992371
0.003386,4.992371
0.003388,4.992371
0.00339,4.992371
0.003392,4.992371
0.003394,4.992371
0.003396,4.992371
0.003398,4.992371
0.0034,4.992371
0.003402,4.992371
0.003404,4.992371
0.003406,4.992371
0.003408,4.992371
0.00341,4.992371
0.003412,4.992371
0.003414,4.992371
0.003416,4.992371
0.003418,4.992371
0.00342,4.992371
0.003422,4.992371
0.003424,4.992371
0.003426,4.992371
0.003428,4.992371
0.00343,4.992371
0.003432,4.992371
0.003434,4.992371
0.003436,4.992371
0.003438,4.992371
0.00344,4.992371
0.003442,4.992371
0.003444,4.992371
0.003446,4.992371
0.003448,4.992371
0.00345,4.992371
0.003452,4.992371
0.003454,4.992371
0.003456,4.992371
0.003458,4.992371
0.00346,4.992371
0.003462,4.992371
0.003464,4.992371
0.003466,4.992371
0.003468,4.992371
0.0034699999,4.992371
0.003472,4.992371
0.003474,4.992371
0.003476,4.992371
0.003478,4.992371
0.00348,4.992371
0.003482,4.992371
0.003484,4.992371
0.003486,4.992371
0.003488,4.992371
0.00349,4.992371
0.003492,4.992371
0.003494,4.992371
0.003496,4.992371
0.003498,4.992371
0.0034999999,4.992371
0.003502,4.992371
0.003504,4.992371
0.003506,4.992371
0.003508,4.992371
0.00351,4.992371
0.003512,4.992371
0.003514,4.992371
0.003516,4.992371
0.003518,4.992371
0.00352,4.992371
0.003522,4.992371
0.003524,4.992371
0.003526,4.992371
0.003528,4.992371
0.00353,4.992371
0.003532,4.992371
0.003534,4.992371
0.003536,4.992371
0.003538,4.992371
0.00354,4.992371
0.003542,4.992371
0.003544,4.992371
0.003546,4.992371
0.003548,4.992371
0.00355,4.992371
0.003552,4.992371
0.003554,4.992371
0.003556,4.992371
0.003558,4.992371
0.00356,4.992371
0.0035619999,4.992371
0.003564,4.992371
0.003566,4.992371
0.003568,4.992371
0.00357,4.992371
0.003572,4.992371
0.003574,4.992371
0.003576,4.992371
0.003578,4.992371
0.00358,4.992371
0.003582,4.992371
0.003584,4.992371
0.003586,4.992371
0.003588,4.992371
0.00359,4.992371
0.0035919999,4.992371
0.003594,4.992371
0.003596,4.992371
0.003598,4.992371
0.0036,4.992371
0.003602,4.992371
0.003604,4.992371
0.003606,4.992371
0.003608,4.992371
0.00361,4.992371
0.003612,4.992371
0.003614,4.992371
0.003616,4.992371
0.003618,4.992371
0.00362,4.992371
0.003622,4.992371
0.003624,4.992371
0.003626,4.992371
0.003628,4.992371
0.00363,4.992371
0.003632,4.992371
0.003634,4.992371
0.003636,4.992371
0.003638,4.992371
0.00364,4.992371
0.003642,4.992371
0.003644,4.992371
0.003646,4.992371
0.003648,4.992371
0.00365,4.992371
0.003652,4.992371
0.003654,4.992371
0.003656,4.992371
0.003658,4.992371
0.00366,4.992371
0.003662,4.992371
0.003664,4.992371
0.003666,4.992371
0.003668,4.992371
0.00367,4.992371
0.003672,4.992371
0.003674,4.992371
0.003676,4.992371
0.003678,4.992371
0.00368,4.992371
0.003682,4.992371
0.0036839999,4.992371
0.003686,4.992371
0.003688,4.992371
0.00369,4.992371
0.003692,4.992371
0.003694,4.992371
0.003696,4.992371
0.003698,4.992371
0.0037,4.992371
0.003702,4.992371
0.003704,4.992371
0.003706,4.992371
0.003708,4.992371
0.00371,4.992371
0.003712,4.992371
0.0037139999,4.992371
0.003716,4.992371
0.003718,4.992371
0.00372,4.992371
0.003722,4.992371
0.003724,4.992371
0.003726,4.992371
0.003728,4.992371
0.00373,4.992371
0.003732,4.992371
0.003734,4.992371
0.003736,4.992371
0.003738,4.992371
0.00374,4.992371
0.003742,4.992371
0.003744,4.992371
0.003746,4.992371
0.003748,4.992371
0.00375,4.992371
0.003752,4.992371
0.003754,4.992371
0.003756,4.992371
0.003758,4.992371
0.00376,4.992371
0.003762,4.992371
0.003764,4.992371
0.003766,4.992371
0.003768,4.992371
0.00377,4.992371
0.003772,4.992371
0.003774,4.992371
0.0037759999,4.992371
0.003778,4.992371
0.00378,4.992371
0.003782,4.992371
0.003784,4.992371
0.003786,4.992371
0.003788,4.992371
0.00379,4.992371
0.003792,4.992371
0.003794,4.992371
0.003796,4.992371
0.003798,4.992371
0.0038,4.992371
0.003802,4.992371
0.003804,4.992371
0.0038059999,4.992371
0.003808,4.992371
0.00381,4.992371
0.003812,4.992371
0.003814,4.992371
0.003816,4.992371
0.003818,4.992371
0.00382,4.992371
0.003822,4.992371
0.003824,4.992371
0.003826,4.992371
0.003828,4.992371
0.00383,4.992371
0.003832,4.992371
0.003834,4.992371
0.003836,4.992371
0.003838,4.992371
0.00384,4.992371
0.003842,4.992371
0.003844,4.992371
0.003846,4.992371
0.003848,4.992371
0.00385,4.992371
0.003852,4.992371
0.003854,4.992371
0.003856,4.992371
0.003858,4.992371
0.00386,4.992371
0.003862,4.992371
0.003864,4.992371
0.003866,4.992371
0.0038679999,4.992371
0.00387,4.992371
0.003872,4.992371
0.003874,4.992371
0.003876,4.992371
0.003878,4.992371
0.00388,4.992371
0.003882,4.992371
0.003884,4.992371
0.003886,4.992371
0.003888,4.992371
0.00389,4.992371
0.003892,4.992371
0.003894,4.992371
0.003896,4.992371
0.0038979999,4.992371
0.0039,4.992371
0.003902,4.992371
0.003904,4.992371
0.003906,4.992371
0.003908,4.992371
0.00391,4.992371
0.003912,4.992371
0.003914,4.992371
0.003916,4.992371
0.003918,4.992371
0.00392,4.992371
0.003922,4.992371
0.003924,4.992371
0.003926,4.992371
0.003928,4.992371
0.00393,4.992371
0.003932,4.992371
0.003934,4.992371
0.003936,4.992371
0.003938,4.992371
0.00394,4.992371
0.003942,4.992371
0.0039439998,4.992371
0.003946,4.992371
0.003948,4.992371
0.00395,4.992371
0.003952,4.992371
0.003954,4.992371
0.003956,4.992371
0.003958,4.992371
0.00396,4.992371
0.003962,4.992371
0.003964,4.992371
0.003966,4.992371
0.003968,4.992371
0.00397,4.992371
0.003972,4.992371
0.003974,4.992371
0.003976,4.992371
0.003978,4.992371
0.00398,4.992371
0.003982,4.992371
0.003984,4.992371
0.003986,4.992371
0.003988,4.992371
0.00399,4.992371
0.003992,4.992371
0.003994,4.992371
0.003996,4.992371
0.003998,4.992371
0.004,4.992371
0.004002,4.992371
0.004004,4.992371
0.004006,4.992371
0.004008,4.992371
0.00401,4.992371
0.004012,4.992371
0.004014,4.992371
0.004016,4.992371
0.004018,4.992371
0.00402,4.992371
0.004022,4.992371
0.004024,4.992371
0.004026,4.992371
0.004028,4.992371
0.00403,4.992371
0.004032,4.992371
0.004034,4.992371
0.004036,4.992371
0.004038,4.992371
0.00404,4.992371
0.004042,4.992371
0.004044,4.992371
0.004046,4.992371
0.004048,4.992371
0.00405,4.992371
0.004052,4.992371
0.004054,4.992371
0.004056,4.992371
0.004058,4.7149835
0.00406,4.8536773
0.004062,4.8999095
0.004064,1.4787879
0.0040659998,0.46169758
0.004068,0.4154663
0.00407,0.4154663
0.004072,0.4154663
0.004074,0.4154663
0.004076,0.36923456
0.004078,0.36923456
0.00408,0.36923456
0.004082,3.0044227
0.004084,4.1602073
0.004086,4.622521
0.004088,4.807446
0.00409,4.8999095
0.004092,4.8999095
0.004094,4.946141
0.004096,4.946141
0.004098,4.946141
0.0041,4.946141
0.004102,4.946141
0.004104,4.946141
0.004106,4.946141
0.004108,4.946141
0.00411,3.4667363
0.004112,0.60039186
0.004114,0.4154663
0.004116,0.36923456
0.004118,0.36923456
0.00412,0.36923456
0.004122,0.36923456
0.004124,0.36923456
0.004126,0.3230033
0.004128,0.3230033
0.00413,0.3230033
0.004132,1.4325566
0.004134,3.6516623
0.004136,4.3913646
0.004138,4.7149835
0.00414,4.807446
0.004142,4.8536773
0.004144,4.8999095
0.004146,4.8999095
0.004148,4.946141
0.00415,4.946141
0.004152,4.946141
0.004154,4.946141
0.004156,4.946141
0.004158,4.946141
0.00416,4.946141
0.004162,1.8948698
0.004164,0.4154663
0.004166,0.36923456
0.004168,0.36923456
0.00417,0.36923456
0.004172,0.36923456
0.004174,0.36923456
0.004176,0.36923456
0.004178,0.3230033
0.00418,0.3230033
0.004182,0.3230033
0.004184,2.727035
0.004186,4.0677447
0.0041879998,4.5762897
0.00419,4.7612157
0.004192,4.8536773
0.004194,4.8999095
0.004196,4.8999095
0.004198,4.8999095
0.0042,4.946141
0.004202,4.946141
0.004204,4.946141
0.004206,4.946141
0.004208,4.946141
0.00421,4.946141
0.004212,3.92905
0.004214,0.7390857
0.004216,0.4154663
0.004218,0.36923456
0.00422,0.36923456
0.004222,0.36923456
0.004224,0.36923456
0.004226,0.36923456
0.004228,0.3230033
0.00423,0.3230033
0.004232,0.3230033
0.004234,1.0627055
0.004236,3.4667363
0.004238,4.3451324
0.00424,4.668752
0.004242,4.807446
0.004244,4.8536773
0.004246,4.8999095
0.004248,4.8999095
0.0042499998,4.8999095
0.004252,4.946141
0.004254,4.946141
0.004256,4.946141
0.004258,4.946141
0.00426,4.946141
0.004262,4.946141
0.004264,2.3109517
0.004266,0.46169758
0.004268,0.36923456
0.00427,0.36923456
0.004272,0.36923456
0.004274,0.36923456
0.004276,0.36923456
0.004278,0.36923456
0.00428,0.36923456
0.004282,0.3230033
0.004284,0.3230033
0.004286,1.2938623
0.004288,3.605431
0.00429,4.3913646
0.004292,4.668752
0.004294,4.807446
0.004296,4.8536773
0.004298,4.8999095
0.0043,4.8999095
0.004302,4.946141
0.004304,4.946141
0.004306,4.946141
0.004308,4.946141
0.0043099998,4.946141
0.004312,4.946141
0.004314,4.946141
0.004316,2.033564
0.004318,0.4154663
0.00432,0.36923456
0.004322,0.36923456
0.004324,0.36923456
0.004326,0.36923456
0.004328,0.36923456
0.00433,0.36923456
0.004332,0.3230033
0.004334,0.3230033
0.004336,0.3230033
0.004338,1.5250192
0.00434,3.6978936
0.004342,4.437596
0.004344,4.7149835
0.004346,4.807446
0.004348,4.8536773
0.00435,4.8999095
0.004352,4.8999095
0.004354,4.8999095
0.004356,4.946141
0.004358,4.946141
0.00436,4.946141
0.004362,4.946141
0.004364,4.946141
0.004366,4.946141
0.004368,1.756176
0.00437,0.4154663
0.0043719998,0.36923456
0.004374,0.36923456
0.004376,0.36923456
0.004378,0.36923456
0.00438,0.36923456
0.004382,0.36923456
0.004384,0.3230033
0.004386,0.3230033
0.004388,0.3230033
0.00439,1.8024073
0.004392,3.7903562
0.004394,4.437596
0.004396,4.7149835
0.004398,4.807446
0.0044,4.8536773
0.004402,4.8999095
0.004404,4.8999095
0.004406,4.8999095
0.004408,4.946141
0.00441,4.946141
0.004412,4.946141
0.004414,4.946141
0.004416,4.946141
0.004418,4.8999095
0.00442,1.4787879
0.004422,0.4154663
0.004424,0.36923456
0.004426,0.36923456
0.004428,0.36923456
0.00443,0.36923456
0.004432,0.36923456
0.004434,0.27677202
0.004436,0.3230033
0.004438,0.3230033
0.00444,0.3230033
0.004442,3.0044227
0.004444,4.1602073
0.004446,4.5762897
0.004448,4.7612157
0.00445,4.8536773
0.004452,4.8999095
0.004454,4.8999095
0.004456,4.8999095
0.004458,4.946141
0.00446,4.946141
0.004462,4.946141
0.004464,4.946141
0.004466,4.946141
0.004468,4.946141
0.00447,3.4667363
0.004472,0.60039186
0.004474,0.4154663
0.004476,0.36923456
0.004478,0.36923456
0.00448,0.36923456
0.004482,0.36923456
0.004484,0.36923456
0.004486,0.3230033
0.004488,0.3230033
0.00449,0.3230033
0.004492,0.3230033
0.0044939998,0.3230033
0.004496,0.3230033
0.004498,0.3230033
0.0045,0.3230033
0.004502,2.4034152
0.004504,3.9752812
0.004506,4.483826
0.004508,4.7149835
0.00451,4.807446
0.004512,4.8536773
0.004514,4.8999095
0.004516,2.8657289
0.004518,0.46169758
0.00452,0.36923456
0.004522,0.3230033
0.004524,0.3230033
0.004526,0.3230033
0.004528,0.3230033
0.00453,0.3230033
0.004532,0.3230033
0.004534,0.3230033
0.004536,0.3230033
0.004538,0.3230033
0.00454,0.3230033
0.004542,0.3230033
0.004544,0.3230033
0.004546,0.27677202
0.004548,0.27677202
0.00455,0.27677202
0.004552,0.27677202
0.004554,2.126027
0.0045559998,3.8365874
0.004558,4.437596
0.00456,4.7149835
0.004562,4.807446
0.004564,4.8536773
0.004566,4.8536773
0.004568,4.8999095
0.00457,4.8999095
0.004572,4.8999095
0.004574,4.8999095
0.004576,4.946141
0.004578,4.946141
0.00458,4.946141
0.004582,4.992371
0.004584,5.131067
0.004586,5.0848346
0.004588,5.0386033
0.00459,4.992371
0.004592,4.992371
0.004594,4.992371
0.004596,4.992371
0.004598,4.992371
0.0046,4.992371
0.004602,4.992371
0.004604,4.992371
0.004606,4.992371
0.004608,4.992371
0.00461,4.992371
0.004612,4.992371
0.004614,4.992371
0.0046159998,4.992371
0.004618,4.992371
0.00462,4.992371
0.004622,4.992371
0.004624,4.992371
0.004626,4.992371
0.004628,4.992371
0.00463,4.992371
0.004632,4.992371
0.004634,4.992371
0.004636,4.992371
0.004638,4.992371
0.00464,4.992371
0.004642,4.992371
0.004644,4.992371
0.004646,4.992371
0.004648,4.992371
0.00465,4.992371
0.004652,4.992371
0.004654,4.992371
0.004656,4.992371
0.004658,4.992371
0.00466,4.992371
0.004662,4.992371
0.004664,4.992371
0.004666,4.992371
0.004668,4.992371
0.00467,4.992371
0.004672,4.992371
0.004674,4.992371
0.004676,4.992371
0.0046779998,4.992371
0.00468,4.992371
0.004682,4.992371
0.004684,4.992371
0.004686,4.7149835
0.004688,4.8536773
0.00469,4.8999095
0.004692,1.7099442
0.004694,0.46169758
0.004696,0.4154663
0.004698,0.4154663
0.0047,0.4154663
0.004702,0.4154663
0.004704,0.36923456
0.004706,0.36923456
0.004708,0.36923456
0.00471,2.8194976
0.004712,4.113976
0.004714,4.5762897
0.004716,4.7612157
0.004718,4.8536773
0.00472,4.8999095
0.004722,4.8999095
0.004724,4.946141
0.004726,4.946141
0.004728,4.946141
0.00473,4.946141
0.004732,4.946141
0.004734,4.946141
0.004736,4.946141
0.0047379998,3.7903562
0.00474,0.6928544
0.004742,0.4154663
0.004744,0.36923456
0.004746,0.36923456
0.004748,0.36923456
0.00475,0.36923456
0.004752,0.36923456
0.004754,0.3230033
0.004756,0.3230033
0.004758,0.3230033
0.00476,1.1551685
0.004762,3.5591989
0.004764,4.3913646
0.004766,4.668752
0.004768,4.807446
0.00477,4.8536773
0.004772,4.8999095
0.004774,4.8999095
0.004776,4.8999095
0.004778,4.946141
0.00478,4.946141
0.004782,4.946141
0.004784,4.946141
0.004786,4.946141
0.004788,4.946141
0.00479,2.172258
0.004792,0.46169758
0.004794,0.36923456
0.004796,0.36923456
0.004798,0.36923456
0.0047999998,0.36923456
0.004802,0.36923456
0.004804,0.36923456
0.004806,0.3230033
0.004808,0.3230033
0.00481,0.3230033
0.004812,2.4958777
0.004814,3.9752812
0.004816,4.5300584
0.004818,4.7612157
0.00482,4.8536773
0.004822,4.8999095
0.004824,4.8999095
0.004826,4.8999095
0.004828,4.8999095
0.00483,4.946141
0.004832,4.946141
0.004834,4.946141
0.004836,4.946141
0.004838,4.946141
0.00484,4.2064385
0.004842,0.87777996
0.004844,0.4154663
0.004846,0.36923456
0.004848,0.36923456
0.00485,0.36923456
0.004852,0.36923456
0.004854,0.36923456
0.004856,0.36923456
0.004858,0.3230033
0.00486,0.3230033
0.004862,0.7853174
0.004864,3.3742738
0.004866,4.298901
0.004868,4.668752
0.00487,4.807446
0.004872,4.8536773
0.004874,4.8999095
0.004876,4.8999095
0.004878,4.8999095
0.00488,4.946141
0.004882,4.946141
0.004884,4.946141
0.004886,4.946141
0.004888,4.946141
0.00489,4.946141
0.004892,2.5883412
0.004894,0.46169758
0.004896,0.36923456
0.004898,0.36923456
0.0049,0.36923456
0.004902,0.36923456
0.004904,0.36923456
0.004906,0.36923456
0.004908,0.36923456
0.00491,0.3230033
0.004912,0.3230033
0.004914,1.0627055
0.004916,3.4667363
0.004918,4.3451324
0.00492,4.668752
0.0049219998,4.807446
0.004924,4.8536773
0.004926,4.8999095
0.004928,4.8999095
0.00493,4.8999095
0.004932,4.946141
0.004934,4.946141
0.004936,4.946141
0.004938,4.946141
0.00494,4.946141
0.004942,4.946141
0.004944,2.3109517
0.004946,0.46169758
0.004948,0.36923456
0.00495,0.36923456
0.004952,0.36923456
0.004954,0.36923456
0.004956,0.36923456
0.004958,0.36923456
0.00496,0.3230033
0.004962,0.3230033
0.004964,0.3230033
0.004966,1.2938623
0.004968,3.605431
0.00497,4.3913646
0.004972,4.668752
0.004974,4.807446
0.004976,4.8536773
0.004978,4.8999095
0.00498,4.8999095
0.004982,4.8999095
0.0049839998,4.946141
0.004986,4.946141
0.004988,4.946141
0.00499,4.946141
0.004992,4.946141
0.004994,4.946141
0.004996,2.033564
0.004998,0.4154663
0.005,0.36923456
0.005002,0.36923456
0.005004,0.36923456
0.005006,0.36923456
0.005008,0.36923456
0.00501,0.36923456
0.005012,0.3230033
0.005014,0.3230033
0.005016,0.3230033
0.005018,1.5250192
0.00502,3.6978936
0.005022,4.437596
0.005024,4.7149835
0.005026,4.807446
0.005028,4.8536773
0.00503,4.8999095
0.005032,4.8999095
0.005034,4.8999095
0.005036,4.946141
0.005038,4.946141
0.00504,4.946141
0.005042,4.946141
0.0050439998,4.946141
0.005046,4.946141
0.005048,1.756176
0.00505,0.4154663
0.005052,0.36923456
0.005054,0.36923456
0.005056,0.36923456
0.005058,0.36923456
0.00506,0.36923456
0.005062,0.27677202
0.005064,0.3230033
0.005066,0.3230033
0.005068,0.3230033
0.00507,2.8194976
0.005072,4.113976
0.005074,4.5762897
0.005076,4.7612157
0.005078,4.8536773
0.00508,4.8999095
0.005082,4.8999095
0.005084,4.8999095
0.005086,4.8999095
0.005088,4.946141
0.00509,4.946141
0.005092,4.946141
0.005094,4.946141
0.005096,4.946141
0.005098,3.744125
0.0051,0.6928544
0.005102,0.4154663
0.005104,0.36923456
0.0051059998,0.36923456
0.005108,0.36923456
0.00511,0.36923456
0.005112,0.36923456
0.005114,0.3230033
0.005116,0.3230033
0.005118,0.3230033
0.00512,0.3230033
0.005122,0.3230033
0.005124,0.3230033
0.005126,0.3230033
0.005128,0.3230033
0.00513,2.172258
0.005132,3.8828197
0.005134,4.483826
0.005136,4.7149835
0.005138,4.807446
0.00514,4.8536773
0.005142,4.8999095
0.005144,3.1893477
0.005146,0.50792885
0.005148,0.36923456
0.00515,0.3230033
0.005152,0.3230033
0.005154,0.3230033
0.005156,0.3230033
0.005158,0.3230033
0.00516,0.3230033
0.005162,0.3230033
0.005164,0.3230033
0.0051659998,0.3230033
0.005168,2.4496465
0.00517,3.9752812
0.005172,4.483826
0.005174,4.7149835
0.005176,4.807446
0.005178,4.8536773
0.00518,4.8999095
0.005182,4.8999095
0.005184,4.8999095
0.005186,4.8999095
0.005188,4.946141
0.00519,4.946141
0.005192,4.946141
0.005194,4.946141
0.005196,4.252671
0.005198,0.87777996
0.0052,0.4154663
0.005202,0.36923456
0.005204,0.36923456
0.005206,0.36923456
0.005208,0.36923456
0.00521,0.36923456
0.005212,0.3230033
0.005214,0.3230033
0.005216,0.3230033
0.005218,0.7853174
0.00522,3.3742738
0.005222,4.298901
0.005224,4.622521
0.005226,4.807446
0.0052279998,4.8536773
0.00523,4.8999095
0.005232,4.8999095
0.005234,4.8999095
0.005236,4.8999095
0.005238,4.946141
0.00524,4.946141
0.005242,4.946141
0.005244,4.946141
0.005246,4.946141
0.005248,2.6345725
0.00525,0.46169758
0.005252,0.36923456
0.005254,0.36923456
0.005256,0.36923456
0.005258,0.36923456
0.00526,0.36923456
0.005262,0.36923456
0.005264,0.36923456
0.005266,0.3230033
0.005268,0.3230033
0.00527,1.0164738
0.005272,3.4667363
0.005274,4.3451324
0.005276,4.668752
0.005278,4.807446
0.00528,4.8536773
0.005282,4.8999095
0.005284,4.8999095
0.005286,4.8999095
0.005288,4.946141
0.00529,4.946141
0.005292,4.946141
0.005294,4.946141
0.005296,4.946141
0.005298,4.946141
0.0053,2.357184
0.005302,0.46169758
0.005304,0.36923456
0.005306,0.36923456
0.005308,0.36923456
0.00531,0.36923456
0.005312,0.36923456
0.005314,0.3230033
0.005316,0.3230033
0.005318,0.3230033
0.00532,0.3230033
0.005322,1.2476311
0.005324,3.5591989
0.005326,4.3913646
0.005328,4.668752
0.00533,4.807446
0.005332,4.8536773
0.005334,4.8999095
0.005336,4.8999095
0.005338,4.8999095
0.00534,4.946141
0.005342,4.946141
0.005344,4.946141
0.005346,4.946141
0.005348,4.946141
0.0053499998,4.946141
0.005352,2.0797954
0.005354,0.4154663
0.005356,0.36923456
0.005358,0.36923456
0.00536,0.36923456
0.005362,0.36923456
0.005364,0.36923456
0.005366,0.3230033
0.005368,0.3230033
0.00537,0.3230033
0.005372,0.3230033
0.005374,2.5883412
0.005376,4.0215135
0.005378,4.5300584
0.00538,4.7612157
0.005382,4.8536773
0.005384,4.8536773
0.005386,4.8999095
0.005388,4.8999095
0.00539,4.8999095
0.005392,4.946141
0.005394,4.946141
0.005396,4.946141
0.005398,4.946141
0.0054,4.946141
0.005402,4.0677447
0.005404,0.8315482
0.005406,0.4154663
0.005408,0.36923456
0.00541,0.36923456
0.0054119998,0.36923456
0.005414,0.36923456
0.005416,0.36923456
0.005418,0.36923456
0.00542,0.3230033
0.005422,0.3230033
0.005424,0.3230033
0.005426,2.7732663
0.005428,4.0677447
0.00543,4.5762897
0.005432,4.7612157
0.005434,4.8536773
0.005436,4.8999095
0.005438,4.8999095
0.00544,4.8999095
0.005442,4.946141
0.005444,4.946141
0.005446,4.946141
0.005448,4.946141
0.00545,4.946141
0.005452,4.946141
0.005454,3.7903562
0.005456,0.6928544
0.005458,0.4154663
0.00546,0.36923456
0.005462,0.36923456
0.005464,0.36923456
0.005466,0.36923456
0.005468,0.36923456
0.00547,0.3230033
0.0054719998,0.3230033
0.005474,0.3230033
0.005476,0.3230033
0.005478,2.9581914
0.00548,4.1602073
0.005482,4.5762897
0.005484,4.7612157
0.005486,4.8536773
0.005488,4.8999095
0.00549,4.8999095
0.005492,4.8999095
0.005494,4.8999095
0.005496,4.946141
0.005498,4.946141
0.0055,4.946141
0.005502,4.946141
0.005504,4.946141
0.005506,3.4667363
0.005508,0.60039186
0.00551,0.4154663
0.005512,0.36923456
0.005514,0.36923456
0.005516,0.36923456
0.005518,0.36923456
0.00552,0.36923456
0.005522,0.3230033
0.005524,0.3230033
0.005526,0.3230033
0.005528,0.36923456
0.00553,3.0968862
0.005532,4.2064385
0.0055339998,4.622521
0.005536,4.7612157
0.005538,4.8536773
0.00554,4.8999095
0.005542,4.8999095
0.005544,4.8999095
0.005546,4.8999095
0.005548,4.946141
0.00555,4.946141
0.005552,4.946141
0.005554,4.946141
0.005556,4.946141
0.005558,3.1893477
0.00556,0.5541601
0.005562,0.36923456
0.005564,0.36923456
0.005566,0.36923456
0.005568,0.36923456
0.00557,0.36923456
0.005572,0.36923456
0.005574,0.3230033
0.005576,0.3230033
0.005578,0.3230033
0.00558,0.3230033
0.005582,0.3230033
0.005584,0.3230033
0.005586,0.3230033
0.005588,0.3230033
0.00559,2.5883412
0.005592,4.0215135
0.0055939998,4.5300584
0.005596,4.7149835
0.005598,4.807446
0.0056,4.8536773
0.005602,4.8999095
0.005604,2.6345725
0.005606,0.46169758
0.005608,0.36923456
0.00561,0.3230033
0.005612,0.3230033
0.005614,0.3230033
0.005616,0.3230033
0.005618,0.3230033
0.00562,0.3230033
0.005622,0.3230033
0.005624,0.3230033
0.005626,0.3230033
0.005628,0.3230033
0.00563,0.3230033
0.005632,0.3230033
0.005634,0.27677202
0.005636,0.27677202
0.005638,0.27677202
0.00564,0.27677202
0.005642,0.27677202
0.005644,0.46169758
0.005646,3.1431174
0.005648,4.2064385
0.00565,4.5762897
0.005652,4.7612157
0.005654,4.807446
0.0056559998,4.8536773
0.005658,4.8999095
0.00566,4.8999095
0.005662,4.8999095
0.005664,4.8999095
0.005666,4.8999095
0.005668,4.946141
0.00567,4.946141
0.005672,4.946141
0.005674,3.0044227
0.005676,0.50792885
0.005678,0.36923456
0.00568,0.36923456
0.005682,0.36923456
0.005684,0.36923456
0.005686,0.36923456
0.005688,0.3230033
0.00569,0.3230033
0.005692,0.3230033
0.005694,0.3230033
0.005696,1.8024073
0.005698,3.744125
0.0057,4.437596
0.005702,4.7149835
0.005704,4.807446
0.005706,4.8536773
0.005708,4.8999095
0.00571,4.8999095
0.005712,4.8999095
0.005714,4.946141
0.005716,4.946141
0.005718,4.946141
0.00572,4.946141
0.005722,4.946141
0.005724,4.8999095
0.005726,1.4787879
0.005728,0.4154663
0.00573,0.36923456
0.005732,0.36923456
0.005734,0.36923456
0.005736,0.36923456
0.005738,0.36923456
0.00574,0.3230033
0.005742,0.3230033
0.005744,0.3230033
0.005746,0.3230033
0.005748,2.9581914
0.00575,4.1602073
0.005752,4.5762897
0.005754,4.7612157
0.005756,4.8536773
0.005758,4.8999095
0.00576,4.8999095
0.005762,4.8999095
0.005764,4.8999095
0.005766,4.946141
0.005768,4.946141
0.00577,4.946141
0.005772,4.946141
0.005774,4.946141
0.005776,3.4667363
0.0057779998,0.60039186
0.00578,0.4154663
0.005782,0.36923456
0.005784,0.36923456
0.005786,0.36923456
0.005788,0.36923456
0.00579,0.36923456
0.005792,0.3230033
0.005794,0.3230033
0.005796,0.3230033
0.005798,1.4325566
0.0058,3.6516623
0.005802,4.437596
0.005804,4.668752
0.005806,4.807446
0.005808,4.8536773
0.00581,4.8999095
0.005812,4.8999095
0.005814,4.8999095
0.005816,4.8999095
0.005818,4.946141
0.00582,4.946141
0.005822,4.946141
0.005824,4.946141
0.005826,4.946141
0.005828,1.8948698
0.00583,0.4154663
0.005832,0.36923456
0.005834,0.36923456
0.005836,0.36923456
0.005838,0.36923456
0.0058399998,0.36923456
0.005842,0.36923456
0.005844,0.3230033
0.005846,0.3230033
0.005848,0.3230033
0.00585,2.727035
0.005852,4.0677447
0.005854,4.5300584
0.005856,4.7612157
0.005858,4.8536773
0.00586,4.8999095
0.005862,4.8999095
0.005864,4.8999095
0.005866,4.8999095
0.005868,4.946141
0.00587,4.946141
0.005872,4.946141
0.005874,4.946141
0.005876,4.946141
0.005878,3.92905
0.00588,0.7390857
0.005882,0.4154663
0.005884,0.36923456
0.005886,0.36923456
0.005888,0.36923456
0.00589,0.36923456
0.005892,0.36923456
0.005894,0.36923456
0.005896,0.3230033
0.005898,0.3230033
0.0058999998,1.0627055
0.005902,3.4667363
0.005904,4.3451324
0.005906,4.668752
0.005908,4.807446
0.00591,4.8536773
0.005912,4.8999095
0.005914,4.8999095
0.005916,4.8999095
0.005918,4.8999095
0.00592,4.946141
0.005922,4.946141
0.005924,4.946141
0.005926,4.946141
0.005928,4.946141
0.00593,2.3109517
0.005932,0.46169758
0.005934,0.36923456
0.005936,0.36923456
0.005938,0.36923456
0.00594,0.36923456
0.005942,0.36923456
0.005944,0.36923456
0.005946,0.3230033
0.005948,0.3230033
0.00595,0.3230033
0.005952,2.4496465
0.005954,3.9752812
0.005956,4.5300584
0.005958,4.7612157
0.00596,4.8536773
0.0059619998,4.8536773
0.005964,4.8999095
0.005966,4.8999095
0.005968,4.8999095
0.00597,4.946141
0.005972,4.946141
0.005974,4.946141
0.005976,4.946141
0.005978,4.946141
0.00598,4.3451324
0.005982,0.92401123
0.005984,0.4154663
0.005986,0.36923456
0.005988,0.36923456
0.00599,0.36923456
0.005992,0.36923456
0.005994,0.36923456
0.005996,0.36923456
0.005998,0.3230033
0.006,0.3230033
0.006002,0.7390857
0.006004,3.3280425
0.006006,4.298901
0.006008,4.622521
0.00601,4.807446
